Workbook

Sheet Sheet1
A1: Current Daily Price of Various Commodities from Various Markets (Mandi)
A2: State | B2: District | C2: Market | D2: Commodity | E2: Variety | F2: Grade | G2: Arrival Date | H2: Min X0020 Price | I2: Max X0020 Price | J2: Modal X0020 Price
A3: Punjab | B3: Mohali | C3: Kharar APMC | D3: Onion | E3: Other | F3: Non-FAQ | G3: 46037 | H3: 2200 | I3: 2600 | J3: 2400
A4: Punjab | B4: Mohali | C4: Kharar APMC | D4: Potato | E4: Potato | F4: Non-FAQ | G4: 46037 | H4: 450 | I4: 600 | J4: 500
A5: Punjab | B5: Mohali | C5: Kharar APMC | D5: Tomato | E5: Tomato | F5: Non-FAQ | G5: 46037 | H5: 2700 | I5: 3200 | J5: 3000
A6: Punjab | B6: Mohali | C6: Kharar APMC | D6: Green Chilli | E6: Green Chilly | F6: Local | G6: 46037 | H6: 5500 | I6: 6500 | J6: 6000
A7: Punjab | B7: Mohali | C7: Kharar APMC | D7: Kinnow | E7: Kinnow | F7: Local | G7: 46037 | H7: 2000 | I7: 2500 | J7: 2200
A8: Rajasthan | B8: Beawar | C8: Bijaynagar APMC | D8: Tomato | E8: Other | F8: Local | G8: 46037 | H8: 1500 | I8: 2500 | J8: 2000
A9: Rajasthan | B9: Kota | C9: Manohararthana APMC | D9: Wheat | E9: Wheat | F9: Non-FAQ | G9: 46037 | H9: 2500 | I9: 2626 | J9: 2563
A10: Assam | B10: Sibsagar | C10: Sonari APMC | D10: Cauliflower | E10: Cauliflower | F10: FAQ | G10: 46037 | H10: 2900 | I10: 3100 | J10: 3000
A11: Assam | B11: Sibsagar | C11: Sonari APMC | D11: Indian Beans(Seam) | E11: Indian Beans (Seam) | F11: FAQ | G11: 46037 | H11: 2600 | I11: 2800 | J11: 2700
A12: Assam | B12: Sibsagar | C12: Sonari APMC | D12: Cabbage | E12: Cabbage | F12: FAQ | G12: 46037 | H12: 1600 | I12: 1800 | J12: 1700

Sheet lookup
A1: commodity | B1: price | C1: min price | D1: max price | E1: grade | F1: variety
A2: Onion | B2: =VLOOKUP(A2,Sheet1!$D$2:$J$12,7,FALSE) -> 2400 | C2: =VLOOKUP(A2,Sheet1!$D$2:$J$12,5,FALSE) -> 2200 | D2: =VLOOKUP(A2,Sheet1!$D$2:$J$12,6,0) -> 2600 | E2: =VLOOKUP(A2,Sheet1!$D$2:$J$12,3,FALSE) -> Non-FAQ | F2: =VLOOKUP(A2,Sheet1!$D$2:$J$12,2,FALSE) -> Other
A3: Potato | B3: =VLOOKUP(A3,Sheet1!$D$2:$J$12,7,FALSE) -> 500 | C3: =VLOOKUP(A3,Sheet1!$D$2:$J$12,5,FALSE) -> 450 | D3: =VLOOKUP(A3,Sheet1!$D$2:$J$12,6,0) -> 600 | E3: =VLOOKUP(A3,Sheet1!$D$2:$J$12,3,FALSE) -> Non-FAQ | F3: =VLOOKUP(A3,Sheet1!$D$2:$J$12,2,FALSE) -> Potato
A4: Tomato | B4: =VLOOKUP(A4,Sheet1!$D$2:$J$12,7,FALSE) -> 3000 | C4: =VLOOKUP(A4,Sheet1!$D$2:$J$12,5,FALSE) -> 2700 | D4: =VLOOKUP(A4,Sheet1!$D$2:$J$12,6,0) -> 3200 | E4: =VLOOKUP(A4,Sheet1!$D$2:$J$12,3,FALSE) -> Non-FAQ | F4: =VLOOKUP(A4,Sheet1!$D$2:$J$12,2,FALSE) -> Tomato
A5: Green Chilli | B5: =VLOOKUP(A5,Sheet1!$D$2:$J$12,7,FALSE) -> 6000 | C5: =VLOOKUP(A5,Sheet1!$D$2:$J$12,5,FALSE) -> 5500 | D5: =VLOOKUP(A5,Sheet1!$D$2:$J$12,6,0) -> 6500 | E5: =VLOOKUP(A5,Sheet1!$D$2:$J$12,3,FALSE) -> Local | F5: =VLOOKUP(A5,Sheet1!$D$2:$J$12,2,FALSE) -> Green Chilly
A6: Kinnow | B6: =VLOOKUP(A6,Sheet1!$D$2:$J$12,7,FALSE) -> 2200 | C6: =VLOOKUP(A6,Sheet1!$D$2:$J$12,5,FALSE) -> 2000 | D6: =VLOOKUP(A6,Sheet1!$D$2:$J$12,6,0) -> 2500 | E6: =VLOOKUP(A6,Sheet1!$D$2:$J$12,3,FALSE) -> Local | F6: =VLOOKUP(A6,Sheet1!$D$2:$J$12,2,FALSE) -> Kinnow
A7: Tomato | B7: =VLOOKUP(A7,Sheet1!$D$2:$J$12,7,FALSE) -> 3000 | C7: =VLOOKUP(A7,Sheet1!$D$2:$J$12,5,FALSE) -> 2700 | D7: =VLOOKUP(A7,Sheet1!$D$2:$J$12,6,0) -> 3200 | E7: =VLOOKUP(A7,Sheet1!$D$2:$J$12,3,FALSE) -> Non-FAQ | F7: =VLOOKUP(A7,Sheet1!$D$2:$J$12,2,FALSE) -> Tomato
A8: Wheat | B8: =VLOOKUP(A8,Sheet1!$D$2:$J$12,7,FALSE) -> 2563 | C8: =VLOOKUP(A8,Sheet1!$D$2:$J$12,5,FALSE) -> 2500 | D8: =VLOOKUP(A8,Sheet1!$D$2:$J$12,6,0) -> 2626 | E8: =VLOOKUP(A8,Sheet1!$D$2:$J$12,3,FALSE) -> Non-FAQ | F8: =VLOOKUP(A8,Sheet1!$D$2:$J$12,2,FALSE) -> Wheat
A9: Cauliflower | B9: =VLOOKUP(A9,Sheet1!$D$2:$J$12,7,FALSE) -> 3000 | C9: =VLOOKUP(A9,Sheet1!$D$2:$J$12,5,FALSE) -> 2900 | D9: =VLOOKUP(A9,Sheet1!$D$2:$J$12,6,0) -> 3100 | E9: =VLOOKUP(A9,Sheet1!$D$2:$J$12,3,FALSE) -> FAQ | F9: =VLOOKUP(A9,Sheet1!$D$2:$J$12,2,FALSE) -> Cauliflower
A10: Indian Beans(Seam) | B10: =VLOOKUP(A10,Sheet1!$D$2:$J$12,7,FALSE) -> 2700 | C10: =VLOOKUP(A10,Sheet1!$D$2:$J$12,5,FALSE) -> 2600 | D10: =VLOOKUP(A10,Sheet1!$D$2:$J$12,6,0) -> 2800 | E10: =VLOOKUP(A10,Sheet1!$D$2:$J$12,3,FALSE) -> FAQ | F10: =VLOOKUP(A10,Sheet1!$D$2:$J$12,2,FALSE) -> Indian Beans (Seam)
A11: Cabbage | B11: =VLOOKUP(A11,Sheet1!$D$2:$J$12,7,FALSE) -> 1700 | C11: =VLOOKUP(A11,Sheet1!$D$2:$J$12,5,FALSE) -> 1600 | D11: =VLOOKUP(A11,Sheet1!$D$2:$J$12,6,0) -> 1800 | E11: =VLOOKUP(A11,Sheet1!$D$2:$J$12,3,FALSE) -> FAQ | F11: =VLOOKUP(A11,Sheet1!$D$2:$J$12,2,FALSE) -> Cabbage
