Workbook

Sheet Sheet1
A1: ID | B1: Name | C1: Age | D1: Gender | E1: Location | F1: Billing Information | G1: Group Membership | H1: Phone 1 - Type | I1: Phone 1 - Value
A2: A001 | B2: Alex Carey | C2: 26 | D2: M | F2: Paid | G2: =IF(F2="Paid","Y","N") -> Y | H2: =IF(C2<23,"Aircel",IF(C2<26,"Volcano","Nokia")) -> Nokia | I2: 9981200000
A3: A002 | B3: Bob Bash | C3: 26 | D3: M | F3: Paid | G3: =IF(F3="Paid","Y","N") -> Y | H3: =IF(C3<23,"Aircel",IF(C3<26,"Volcano","Nokia")) -> Nokia | I3: 9981200001
A4: A003 | B4: Caty Pal | C4: 27 | D4: F | F4: Unpaid | G4: =IF(F4="Paid","Y","N") -> N | H4: =IF(C4<23,"Aircel",IF(C4<26,"Volcano","Nokia")) -> Nokia | I4: 9981200002
A5: A004 | B5: Dawg Dei | C5: 23 | D5: M | F5: Paid | G5: =IF(F5="Paid","Y","N") -> Y | H5: =IF(C5<23,"Aircel",IF(C5<26,"Volcano","Nokia")) -> Volcano | I5: 9981200003
A6: A005 | B6: Eiih Ros | C6: 24 | D6: F | F6: Paid | G6: =IF(F6="Paid","Y","N") -> Y | H6: =IF(C6<23,"Aircel",IF(C6<26,"Volcano","Nokia")) -> Volcano | I6: 9981200004
A7: A006 | B7: Fat Fish | C7: 25 | D7: M | F7: Paid | G7: =IF(F7="Paid","Y","N") -> Y | H7: =IF(C7<23,"Aircel",IF(C7<26,"Volcano","Nokia")) -> Volcano | I7: 9981200005
A8: A007 | B8: Goat Life | C8: 25 | D8: M | F8: Paid | G8: =IF(F8="Paid","Y","N") -> Y | H8: =IF(C8<23,"Aircel",IF(C8<26,"Volcano","Nokia")) -> Volcano | I8: 9981200006
A9: A008 | B9: Hank Hunk | C9: 26 | D9: M | F9: Paid | G9: =IF(F9="Paid","Y","N") -> Y | H9: =IF(C9<23,"Aircel",IF(C9<26,"Volcano","Nokia")) -> Nokia | I9: 9981200007
A10: A009 | B10: Izee Lee | C10: 28 | D10: F | F10: Unpaid | G10: =IF(F10="Paid","Y","N") -> N | H10: =IF(C10<23,"Aircel",IF(C10<26,"Volcano","Nokia")) -> Nokia | I10: 9981200008
A11: A010 | B11: Jech Will | C11: 28 | D11: M | F11: Unpaid | G11: =IF(F11="Paid","Y","N") -> N | H11: =IF(C11<23,"Aircel",IF(C11<26,"Volcano","Nokia")) -> Nokia | I11: 9981200009
A12: A011 | B12: Krill Kull | C12: 27 | D12: M | F12: Unpaid | G12: =IF(F12="Paid","Y","N") -> N | H12: =IF(C12<23,"Aircel",IF(C12<26,"Volcano","Nokia")) -> Nokia | I12: 9981200010
A13: A012 | B13: Luss Yee | C13: 24 | D13: M | F13: Unpaid | G13: =IF(F13="Paid","Y","N") -> N | H13: =IF(C13<23,"Aircel",IF(C13<26,"Volcano","Nokia")) -> Volcano | I13: 9981200011
... A252: A251 | B252: Krill Kull | C252: 27 | D252: M | F252: Unpaid | G252: =IF(F252="Paid","Y","N") -> N | H252: =IF(C252<23,"Aircel",IF(C252<26,"Volcano","Nokia")) -> Nokia | I252: 9981200250

Sheet vlookup
A1: To find the offer eligibility on the basis of billing info
A2: =VLOOKUP(Sheet1!A2,Sheet1!$A$1:$I$252,1,FALSE) -> A001 | B2: =IF(VLOOKUP(vlookup!A2,Sheet1!A1:F252,6,FALSE)="Paid","Eligible","Not Eligible") -> Eligible | C2: =VLOOKUP(vlookup!A2,Sheet1!$A$1:$I$252,9,FALSE) -> 9981200000 | D2: =VLOOKUP(A2,Sheet1!$A$1:$I$252,8,FALSE) -> Nokia
A3: =VLOOKUP(Sheet1!A3,Sheet1!$A$1:$I$252,1,FALSE) -> A002 | B3: =IF(VLOOKUP(vlookup!A3,Sheet1!A2:F253,6,FALSE)="Paid","Eligible","Not Eligible") -> Eligible | C3: =VLOOKUP(vlookup!A3,Sheet1!$A$1:$I$252,9,FALSE) -> 9981200001 | D3: =VLOOKUP(A3,Sheet1!$A$1:$I$252,8,FALSE) -> Nokia
A4: =VLOOKUP(Sheet1!A4,Sheet1!$A$1:$I$252,1,FALSE) -> A003 | B4: =IF(VLOOKUP(vlookup!A4,Sheet1!A3:F254,6,FALSE)="Paid","Eligible","Not Eligible") -> Not Eligible | C4: =VLOOKUP(vlookup!A4,Sheet1!$A$1:$I$252,9,FALSE) -> 9981200002 | D4: =VLOOKUP(A4,Sheet1!$A$1:$I$252,8,FALSE) -> Nokia
A5: =VLOOKUP(Sheet1!A5,Sheet1!$A$1:$I$252,1,FALSE) -> A004 | B5: =IF(VLOOKUP(vlookup!A5,Sheet1!A4:F255,6,FALSE)="Paid","Eligible","Not Eligible") -> Eligible | C5: =VLOOKUP(vlookup!A5,Sheet1!$A$1:$I$252,9,FALSE) -> 9981200003 | D5: =VLOOKUP(A5,Sheet1!$A$1:$I$252,8,FALSE) -> Volcano
A6: =VLOOKUP(Sheet1!A6,Sheet1!$A$1:$I$252,1,FALSE) -> A005 | B6: =IF(VLOOKUP(vlookup!A6,Sheet1!A5:F256,6,FALSE)="Paid","Eligible","Not Eligible") -> Eligible | C6: =VLOOKUP(vlookup!A6,Sheet1!$A$1:$I$252,9,FALSE) -> 9981200004 | D6: =VLOOKUP(A6,Sheet1!$A$1:$I$252,8,FALSE) -> Volcano
A7: =VLOOKUP(Sheet1!A7,Sheet1!$A$1:$I$252,1,FALSE) -> A006 | B7: =IF(VLOOKUP(vlookup!A7,Sheet1!A6:F257,6,FALSE)="Paid","Eligible","Not Eligible") -> Eligible | C7: =VLOOKUP(vlookup!A7,Sheet1!$A$1:$I$252,9,FALSE) -> 9981200005 | D7: =VLOOKUP(A7,Sheet1!$A$1:$I$252,8,FALSE) -> Volcano
A8: =VLOOKUP(Sheet1!A8,Sheet1!$A$1:$I$252,1,FALSE) -> A007 | B8: =IF(VLOOKUP(vlookup!A8,Sheet1!A7:F258,6,FALSE)="Paid","Eligible","Not Eligible") -> Eligible | C8: =VLOOKUP(vlookup!A8,Sheet1!$A$1:$I$252,9,FALSE) -> 9981200006 | D8: =VLOOKUP(A8,Sheet1!$A$1:$I$252,8,FALSE) -> Volcano
A9: =VLOOKUP(Sheet1!A9,Sheet1!$A$1:$I$252,1,FALSE) -> A008 | B9: =IF(VLOOKUP(vlookup!A9,Sheet1!A8:F259,6,FALSE)="Paid","Eligible","Not Eligible") -> Eligible | C9: =VLOOKUP(vlookup!A9,Sheet1!$A$1:$I$252,9,FALSE) -> 9981200007 | D9: =VLOOKUP(A9,Sheet1!$A$1:$I$252,8,FALSE) -> Nokia
A10: =VLOOKUP(Sheet1!A10,Sheet1!$A$1:$I$252,1,FALSE) -> A009 | B10: =IF(VLOOKUP(vlookup!A10,Sheet1!A9:F260,6,FALSE)="Paid","Eligible","Not Eligible") -> Not Eligible | C10: =VLOOKUP(vlookup!A10,Sheet1!$A$1:$I$252,9,FALSE) -> 9981200008 | D10: =VLOOKUP(A10,Sheet1!$A$1:$I$252,8,FALSE) -> Nokia
A11: =VLOOKUP(Sheet1!A11,Sheet1!$A$1:$I$252,1,FALSE) -> A010 | B11: =IF(VLOOKUP(vlookup!A11,Sheet1!A10:F261,6,FALSE)="Paid","Eligible","Not Eligible") -> Not Eligible | C11: =VLOOKUP(vlookup!A11,Sheet1!$A$1:$I$252,9,FALSE) -> 9981200009 | D11: =VLOOKUP(A11,Sheet1!$A$1:$I$252,8,FALSE) -> Nokia
A12: =VLOOKUP(Sheet1!A12,Sheet1!$A$1:$I$252,1,FALSE) -> A011 | B12: =IF(VLOOKUP(vlookup!A12,Sheet1!A11:F262,6,FALSE)="Paid","Eligible","Not Eligible") -> Not Eligible | C12: =VLOOKUP(vlookup!A12,Sheet1!$A$1:$I$252,9,FALSE) -> 9981200010 | D12: =VLOOKUP(A12,Sheet1!$A$1:$I$252,8,FALSE) -> Nokia
A13: =VLOOKUP(Sheet1!A13,Sheet1!$A$1:$I$252,1,FALSE) -> A012 | B13: =IF(VLOOKUP(vlookup!A13,Sheet1!A12:F263,6,FALSE)="Paid","Eligible","Not Eligible") -> Not Eligible | C13: =VLOOKUP(vlookup!A13,Sheet1!$A$1:$I$252,9,FALSE) -> 9981200011 | D13: =VLOOKUP(A13,Sheet1!$A$1:$I$252,8,FALSE) -> Volcano
... A252: =VLOOKUP(Sheet1!A252,Sheet1!$A$1:$I$252,1,FALSE) -> A251 | B252: =IF(VLOOKUP(vlookup!A252,Sheet1!A251:F502,6,FALSE)="Paid","Eligible","Not Eligible") -> Not Eligible | C252: =VLOOKUP(vlookup!A252,Sheet1!$A$1:$I$252,9,FALSE) -> 9981200250 | D252: =VLOOKUP(A252,Sheet1!$A$1:$I$252,8,FALSE) -> Nokia
